{
  "base_model": {
    "finance": 50.713130950927734,
    "hr": 39.3033332824707,
    "it_support": 52.873809814453125,
    "engineering": 39.53349304199219
  },
  "lora_models": {
    "finance": {
      "finance": 1.940435767173767,
      "hr": 29.0748233795166,
      "it_support": 50.458160400390625,
      "engineering": 38.305057525634766
    },
    "hr": {
      "finance": 37.901180267333984,
      "hr": 2.3912243843078613,
      "it_support": 43.76262664794922,
      "engineering": 36.955570220947266
    },
    "it_support": {
      "finance": 37.392127990722656,
      "hr": 25.503398895263672,
      "it_support": 2.8756768703460693,
      "engineering": 40.951377868652344
    },
    "engineering": {
      "finance": 33.94425964355469,
      "hr": 25.52301597595215,
      "it_support": 29.723716735839844,
      "engineering": 2.5431783199310303
    }
  },
  "accuracy": {
    "finance": 1.0,
    "hr": 1.0,
    "it_support": 0.75,
    "engineering": 1.0
  }
}