{
  "base_model": {
    "finance": 50.713130950927734,
    "hr": 39.3033332824707,
    "it_support": 52.873809814453125,
    "engineering": 39.53349304199219
  },
  "lora_models": {
    "finance": {
      "finance": 51.301841735839844,
      "hr": 39.576847076416016,
      "it_support": 54.25449752807617,
      "engineering": 38.201114654541016
    },
    "hr": {
      "finance": 30.29680633544922,
      "hr": 26.247455596923828,
      "it_support": 33.241859436035156,
      "engineering": 25.666532516479492
    },
    "it_support": {
      "finance": 27.794809341430664,
      "hr": 23.124217987060547,
      "it_support": 27.927902221679688,
      "engineering": 25.08824920654297
    },
    "engineering": {
      "finance": 39.04666519165039,
      "hr": 29.724218368530273,
      "it_support": 38.42631912231445,
      "engineering": 29.72342300415039
    }
  },
  "accuracy": {
    "finance": 0.25,
    "hr": 1.0,
    "it_support": 1.0,
    "engineering": 1.0
  }
}